{
  "version": "5.0.1",
  "flags": {},
  "shapes": [
    {
      "label": "+",
      "points": [
        [
          24.16966580976863,
          57.840616966580974
        ]
      ],
      "group_id": null,
      "shape_type": "point",
      "flags": {}
    },
    {
      "label": "joint",
      "points": [
        [
          26.740359897172226,
          94.60154241645245
        ]
      ],
      "group_id": null,
      "shape_type": "point",
      "flags": {}
    },
    {
      "label": "joint",
      "points": [
        [
          26.483290488431876,
          135.2185089974293
        ]
      ],
      "group_id": null,
      "shape_type": "point",
      "flags": {}
    },
    {
      "label": "joint",
      "points": [
        [
          24.426735218508995,
          58.354755784061695
        ]
      ],
      "group_id": null,
      "shape_type": "point",
      "flags": {}
    }
  ],
  "imagePath": "../images/left/000202.jpg",
  "imageData": null,
  "imageHeight": 256,
  "imageWidth": 128
}