{
  "version": "5.0.1",
  "flags": {},
  "shapes": [
    {
      "label": "joint",
      "points": [
        [
          69.67095115681232,
          43.958868894601544
        ]
      ],
      "group_id": null,
      "shape_type": "point",
      "flags": {}
    },
    {
      "label": "joint",
      "points": [
        [
          53.47557840616966,
          82.26221079691517
        ]
      ],
      "group_id": null,
      "shape_type": "point",
      "flags": {}
    },
    {
      "label": "joint",
      "points": [
        [
          46.53470437017995,
          119.28020565552698
        ]
      ],
      "group_id": null,
      "shape_type": "point",
      "flags": {}
    }
  ],
  "imagePath": "../../images/right/000030.jpg",
  "imageData": null,
  "imageHeight": 256,
  "imageWidth": 128
}