{
  "version": "5.0.1",
  "flags": {},
  "shapes": [
    {
      "label": "joint",
      "points": [
        [
          74.04113110539845,
          41.38817480719794
        ]
      ],
      "group_id": null,
      "shape_type": "point",
      "flags": {}
    },
    {
      "label": "joint",
      "points": [
        [
          56.81748071979433,
          75.83547557840616
        ]
      ],
      "group_id": null,
      "shape_type": "point",
      "flags": {}
    },
    {
      "label": "joint",
      "points": [
        [
          49.10539845758353,
          112.33933161953728
        ]
      ],
      "group_id": null,
      "shape_type": "point",
      "flags": {}
    }
  ],
  "imagePath": "../../images/right/000131.jpg",
  "imageData": null,
  "imageHeight": 256,
  "imageWidth": 128
}