{
  "version": "5.0.1",
  "flags": {},
  "shapes": [
    {
      "label": "joint",
      "points": [
        [
          49.876606683804624,
          42.67352185089974
        ]
      ],
      "group_id": null,
      "shape_type": "point",
      "flags": {}
    },
    {
      "label": "joint",
      "points": [
        [
          45.76349614395886,
          81.49100257069408
        ]
      ],
      "group_id": null,
      "shape_type": "point",
      "flags": {}
    },
    {
      "label": "joint",
      "points": [
        [
          46.020565552699225,
          120.56555269922879
        ]
      ],
      "group_id": null,
      "shape_type": "point",
      "flags": {}
    }
  ],
  "imagePath": "../../images/right/000458.jpg",
  "imageData": null,
  "imageHeight": 256,
  "imageWidth": 128
}