{
  "version": "5.0.1",
  "flags": {},
  "shapes": [
    {
      "label": "joint",
      "points": [
        [
          65.13624678663238,
          46.01542416452442
        ]
      ],
      "group_id": null,
      "shape_type": "point",
      "flags": {}
    },
    {
      "label": "joint",
      "points": [
        [
          53.568123393316185,
          84.83290488431876
        ]
      ],
      "group_id": null,
      "shape_type": "point",
      "flags": {}
    },
    {
      "label": "joint",
      "points": [
        [
          51.76863753213367,
          123.13624678663238
        ]
      ],
      "group_id": null,
      "shape_type": "point",
      "flags": {}
    }
  ],
  "imagePath": "../../images/right/000750.jpg",
  "imageData": null,
  "imageHeight": 256,
  "imageWidth": 128
}