{
  "version": "5.0.1",
  "flags": {},
  "shapes": [
    {
      "label": "joint",
      "points": [
        [
          57.68123393316195,
          38.81748071979435
        ]
      ],
      "group_id": null,
      "shape_type": "point",
      "flags": {}
    },
    {
      "label": "joint",
      "points": [
        [
          41.48586118251927,
          76.8637532133676
        ]
      ],
      "group_id": null,
      "shape_type": "point",
      "flags": {}
    },
    {
      "label": "joint",
      "points": [
        [
          39.94344473007712,
          114.1388174807198
        ]
      ],
      "group_id": null,
      "shape_type": "point",
      "flags": {}
    }
  ],
  "imagePath": "../../images/right/001013.jpg",
  "imageData": null,
  "imageHeight": 256,
  "imageWidth": 128
}